{"cameraMode":{"drawMode":0,"name":"Shaded","section":"Shading Mode"},"sceneLighting":true,"audioPlay":false,"sceneViewState":{"m_AlwaysRefresh":false,"showFog":true,"showSkybox":true,"showFlares":true,"showImageEffects":true,"showParticleSystems":true,"showVisualEffectGraphs":true,"m_FxEnabled":true},"in2DMode":false,"pivot":{"x":21.149078369140626,"y":4.1317033767700199,"z":31.557144165039064},"rotation":{"x":0.21183016896247865,"y":0.26609984040260317,"z":-0.06006421521306038,"w":0.938463032245636},"size":24.27060890197754,"orthographic":true}